{
  "train_loss": [
    1.068672615623474,
    0.9802378384272258,
    0.9475252142270406,
    0.9143070131619772,
    0.8865110556284587,
    0.8691795901298522,
    0.8536868006388346,
    0.8443789226849874,
    0.7979197516441345,
    0.7577043556690216,
    0.7328816343307495,
    0.7131869875590007,
    0.6887037280082703,
    0.6669165230433146,
    0.6571531489531199,
    0.636135048453013,
    0.622659916639328,
    0.6131470895926158,
    0.604341633160909,
    0.5857906068483989,
    0.5816250879128774,
    0.5639470519542694,
    0.557847374534607,
    0.5460337699413299,
    0.541204248936971,
    0.5334908864657084,
    0.5214836602846782,
    0.5186675519148509,
    0.5065562976042429,
    0.5060644975662232,
    0.4951344783782959,
    0.49274946330388386,
    0.49077053402264914,
    0.4793857276439667,
    0.47946338450113934,
    0.48408948998451234,
    0.4757381695747375,
    0.4751820549170176,
    0.4672636743386587,
    0.47224469095865884
  ],
  "val_loss": [
    0.9877749379475912,
    0.9674849020640055,
    0.9080523481369018,
    0.8795653112093608,
    0.8485897307713827,
    0.8640298928578695,
    0.8359456432342529,
    0.7882795396486918,
    0.797530172475179,
    0.7370067739486694,
    0.7088352535565694,
    0.6962483256022135,
    0.6769388226826986,
    0.6614126743316651,
    0.6245350419362387,
    0.623248668162028,
    0.5979334233601888,
    0.5878277205149333,
    0.5749320960998535,
    0.556308508237203,
    0.5921713284174601,
    0.5469433486302694,
    0.5269638155619304,
    0.5319980001449585,
    0.5273080270767212,
    0.5274518161773681,
    0.5244373542785644,
    0.5183912439664204,
    0.527994226137797,
    0.503068127822876,
    0.49801523825327554,
    0.484644137096405,
    0.4873092133839925,
    0.47947091795603436,
    0.48078360602060954,
    0.47749918212890624,
    0.4762729197184245,
    0.4757113043785095,
    0.4774467221260071,
    0.4774467221260071
  ],
  "train_acc": [
    0.44183333333333336,
    0.5309666666666667,
    0.5627,
    0.5921,
    0.6126,
    0.6284,
    0.6417333333333334,
    0.6475,
    0.6811333333333334,
    0.7130333333333333,
    0.7329333333333333,
    0.7468666666666667,
    0.7620333333333333,
    0.7797666666666667,
    0.7839666666666667,
    0.7989333333333334,
    0.8085,
    0.8127,
    0.8197333333333333,
    0.8307333333333333,
    0.8335666666666667,
    0.8437333333333333,
    0.8462666666666666,
    0.8547,
    0.8598,
    0.8638666666666667,
    0.8705,
    0.8736666666666667,
    0.8794666666666666,
    0.8795333333333333,
    0.8869,
    0.8870666666666667,
    0.8894333333333333,
    0.8954,
    0.8956,
    0.8944666666666666,
    0.8987666666666667,
    0.8989333333333334,
    0.9040666666666667,
    0.9015
  ],
  "val_acc": [
    0.5328,
    0.5470666666666667,
    0.5958666666666667,
    0.6205333333333334,
    0.642,
    0.6308,
    0.6494666666666666,
    0.6904,
    0.6852,
    0.7330666666666666,
    0.7478666666666667,
    0.7624,
    0.7690666666666667,
    0.7794666666666666,
    0.8081333333333334,
    0.8053333333333333,
    0.8212,
    0.8284,
    0.8393333333333334,
    0.8468,
    0.834,
    0.8594666666666667,
    0.8653333333333333,
    0.8650666666666667,
    0.8657333333333334,
    0.8676,
    0.8716,
    0.8745333333333334,
    0.8728,
    0.8852,
    0.8866666666666667,
    0.8956,
    0.8953333333333333,
    0.9,
    0.9001333333333333,
    0.8997333333333334,
    0.9026666666666666,
    0.9018666666666667,
    0.9018666666666667,
    0.9018666666666667
  ],
  "lr": [
    6.666666666666667e-05,
    0.0001,
    0.0001,
    9.981987442712633e-05,
    9.928079551738543e-05,
    9.838664734667495e-05,
    9.714387227305422e-05,
    9.975923633360985e-06,
    9.903926402016153e-06,
    9.784701678661045e-06,
    9.619397662556435e-06,
    9.409606321741776e-06,
    9.157348061512728e-06,
    8.865052266813686e-06,
    8.535533905932739e-06,
    8.17196642081823e-06,
    7.777851165098012e-06,
    7.3569836841299905e-06,
    6.91341716182545e-06,
    6.451423386272312e-06,
    5.975451610080643e-06,
    5.490085701647805e-06,
    5e-06,
    4.509914298352197e-06,
    4.02454838991936e-06,
    3.5485766137276894e-06,
    3.0865828381745515e-06,
    2.6430163158700116e-06,
    2.2221488349019903e-06,
    1.8280335791817733e-06,
    1.4644660940672628e-06,
    1.134947733186315e-06,
    8.426519384872733e-07,
    5.903936782582253e-07,
    3.806023374435663e-07,
    2.1529832133895588e-07,
    9.607359798384785e-08,
    2.407636663901591e-08,
    0.0,
    2.4076366639015358e-08
  ]
}